519663281.7,531581600,528267712,531092512,531231072,528542912,523943936,520747936,518005568,518278368,519677312,513662048,513113216,507208160,510331776,504961632,505006944,508455744,503202432,506080384,503063776,506918656,503024864,499110944,501371488,499626016,495851808,498133568,492329536,492882912,489268192,489645184,484716096,482730816,484401888,484363424,476722208,471080640,469001568,468532320,466744608,463299136,459454976,461167712,454521696,450715680,443136992,441503776,438147872,434207616,431965120,429646240,424556288,421737728,412828256,409177920,404780832,399719104,390081632,384349856,381893824,374696672,367593856,361662848,355213632,350099488,344778400,342777312,331228864,324213280,316685024,317767840,304421216
523252097.5,548901056,544085568,548179328,548234944,545894656,540887360,536926528,534810112,532592096,533773408,528785760,528640448,522480256,526604160,521663040,521715648,524513760,518557440,521115360,518991136,522048704,518258432,515405568,518426784,518381888,513902656,515852800,510247616,509766688,507854784,507980576,504841408,505372000,504820544,504640640,496704256,491503968,491159072,490589344,490680544,485848896,482421504,483369888,478470368,473235520,464256384,462815904,460438592,461887232,459550944,457648800,453342912,449371680,438287296,434685952,429611680,425482272,414393888,408463424,405513728,398331776,391087200,382494080,376942976,371921056,365030656,361839328,348943136,340926432,333022464,333296384,320372928
505985128,551782592,545353664,551516800,551002112,548914624,542933440,540420800,537547136,535248768,534950816,532139264,531730464,526963616,532018656,526561600,527505152,527978624,523145568,524928512,523757408,524754912,522984448,519725376,523580256,525402912,519859168,521724224,516894112,514992672,514202208,515515520,514007136,516814144,514046112,513297984,506225888,500620544,501880704,501588672,503721280,497521344,495605696,494982816,490896288,483895360,473664480,475107424,473969856,480765728,479461376,475617536,471669760,468045536,452929920,449877824,444721664,442054592,428657824,421643200,419647232,412081728,404598560,393236128,388110784,383838944,374460768,368999552,355285632,346348096,338420128,338895456,325589792
504796420.4,550382720,543139584,551821568,551154496,548298560,541828992,539807168,537141312,534745216,534296832,533015552,533481504,530423648,535707712,530644288,531632192,530397472,526629920,528202144,527343040,527775776,527991072,524601664,529726496,532584896,526283072,528334240,524106944,521524576,522873920,525380512,523996672,528836288,524458208,524804768,518856704,513606592,516618880,515564352,519948736,513297376,511841120,508831296,505992640,498239744,489329760,493708768,492777920,503411008,502879136,498068416,493886240,489632544,472788032,468976640,463966336,461061184,446048512,438381728,436268384,429428160,421705280,408316096,403914176,399396960,387123552,380039200,366018144,355666912,348286400,349605120,336046464
494175660,531459712,525058304,534321312,532769696,530551328,523489568,521567904,519165088,517802336,516898400,517566208,519704448,518489696,523244384,518833408,519017376,517472640,514597888,515219584,516199072,516693696,517863168,516922464,521201760,523981472,517832320,520393184,517301984,516168512,519913568,523005056,522594112,527939616,524383776,525525184,521706048,518637984,522672736,522027776,527921344,521082272,519293792,515170816,513723520,506414400,501816320,508362816,509868960,521093856,520098976,515789856,510492512,505457824,487457696,484506496,478125856,474894624,460001216,451915488,450139200,443694400,435738944,421482656,416280896,410263776,396019744,387304064,373880096,363195648,357186208,357351168,344143520
476375313,496695904,492119168,499493728,498806944,496643968,489548000,488428256,485470208,486025760,485429632,487945376,492400832,491717760,495299008,492555232,491494688,490944064,488730816,489096544,491826112,493266112,494817728,496288864,499772320,500709152,496391392,498809728,498023040,499604032,504500736,508404256,509346528,513902560,513503936,514662016,513273376,513365280,517763616,519146432,524204096,516773472,515415968,511941632,513271488,506524224,507549632,515940416,519530048,528266112,526398368,523123072,517161952,511143680,493512288,490843616,483014784,478769216,465622432,457981344,456314336,449928000,442495680,426968672,421028672,413049984,397639072,388083616,376766528,366385664,361046848,359616352,347596064
483250660.9,468875424,465117248,472073120,471418912,469394496,463216480,462920032,458680736,461650368,462961760,466403968,472014144,471126016,472975392,472400480,470208128,470942720,469732992,470933248,474156032,476762240,477522720,480872288,484980256,483829216,481400928,484356224,484723616,489541248,493743456,498871104,500631680,504856960,507720288,509941728,510382656,512547072,517476704,519943680,522521120,515126336,513974048,513291072,517864096,512638752,518933920,527386624,531670176,536341856,533003200,531687744,524804352,518308960,501195008,498162496,489636000,483826592,472867264,465377984,463097664,457681120,449404288,432614848,425812480,416425280,400631520,391609152,382076128,370620928,366428672,363053728,351852640
481259668,445653632,443113792,448825792,447637216,446639104,442402944,442737472,437251232,443837824,446539200,449228768,454635680,453929984,454426560,453485248,451869664,453310912,453863712,455656480,459371104,460735040,461554464,465314496,470926080,466777952,467791456,471106528,471731840,478708352,481382272,488213120,490907104,495489216,500682208,503654048,505409728,508899360,513111264,515702976,516083232,508958112,510405920,512369024,519750176,516470400,525322976,533798080,538240512,539155008,534179456,533547264,526595872,519151392,501877696,498683968,491371968,484281024,475401792,466963968,465327200,459232480,449369056,431451232,423128096,413091648,398424384,389966080,380240160,368623360,365448608,358972512,347971744
484754953.4,435398912,432638208,437809280,436673440,437066656,433657728,435674656,429402816,439087680,441874400,443406240,447596992,447436320,446218880,444424672,444320928,446034368,448158112,451258176,453542464,453956352,454942752,458442592,465133248,459665024,463630976,466968640,466665664,475366400,476757536,484879104,487630592,492950784,499381152,503312576,505974688,509335904,511402880,513829600,512150368,507442368,511713472,515891648,525889920,524083616,534062144,541338624,544569472,542339648,535707104,535109472,527543648,519623904,502148160,498524320,493474912,485108704,477605952,468537536,466041216,458598752,447454560,428285792,419085504,409528448,396420736,387658336,377947456,365722048,362447168,353606496,342956544
481325799.1,430689728,427831040,433454048,432307712,433527520,431519456,435629856,428825728,440129856,441986976,442806688,445425376,445605472,442998784,440593088,441892864,443670048,447509632,450728512,451958944,451136576,452553472,455231520,463293312,456828352,462802784,466132224,464971456,474825184,475369152,484138688,486466496,491848192,499080416,504487936,506862080,507910816,508339680,510546208,508869824,507026144,513955584,520208064,530850112,530198656,540326464,544806208,547290112,542097600,534242976,531706272,524214880,516215808,498231552,494928064,492227904,483114208,476772320,465739296,462478912,453388128,441028448,421082624,412084352,403470272,391621152,382409056,372382368,359252448,356069056,345230176,335203808
471887715.1,432186752,430040640,436274336,434516224,437272736,436381760,442878496,434975680,446866144,447397856,448079744,448781248,449301920,446079264,443149952,445497856,447656960,451703168,455754368,455553344,453991168,455584608,458112960,466939936,459425920,466654240,470666688,468589248,479018720,479295584,487795680,488951008,494278240,502417376,508688864,508428992,507209216,506744896,510343552,509552768,509922016,519657312,526431616,536648224,536901440,545720256,547057920,548697152,540995648,531343424,526564352,519410560,511730528,493740896,490594912,490204864,480954368,473976704,461218176,457229568,446209344,433595264,413661344,405775168,397408832,387160608,377208192,366430368,353450176,349987552,337940448,328841632
459133259.9,437196256,435990336,442055744,440659136,444970272,445135968,452873088,444090176,455696768,455074208,455862752,454824256,456035136,452636480,449442688,452425056,454207072,458595072,463315104,461979776,459750784,462299392,464804512,473042304,464825632,473085728,478463168,475475968,486101952,486298464,493524032,493309632,499006176,507078784,512626176,509492256,506290784,507573856,512537856,512849536,515345952,526282592,532899680,541688384,541831744,549160320,547113792,548410816,537075456,526643648,519305792,512691584,506067936,488226112,485315712,487054336,476681696,468807840,454841984,450032288,437624128,425960192,406590848,399413568,391476768,382832352,371482144,360798944,348574144,344850560,332152096,323830208
462624180.2,453985216,453519072,459792480,459666400,465518464,465149024,473209824,464325632,473906432,473401888,473899840,471879584,473549120,470129696,467877920,469499872,471981440,475386432,481750912,478500224,477563296,480671584,482703168,489913952,482133568,491004192,498360640,493876544,504598272,504564128,509915648,509140192,514654336,520122208,525960960,519492096,517262592,521243872,526630304,528986304,531779904,542883136,548943680,554771904,555863168,561070720,555867264,555340928,540672960,530079264,520474336,515229696,508638144,492395584,489182848,491235104,479532704,470915232,456476832,450059744,437749440,427807776,408390848,402310752,394382144,386421408,375206720,364352704,353340256,349171776,335464512,328251584
476863282.6,478637888,479600512,486284352,488000288,493946112,492324256,500078816,491206784,497677376,497913408,498216096,495511680,497584064,494623328,492508512,492889152,495986560,497991744,505698048,501856576,502867360,504972640,506834784,513124672,506347840,515750176,525008000,518993952,529514080,528891744,533062016,531698944,534816448,537616256,544116992,536864416,536585760,543146432,549609024,552225664,554711104,565316544,569290304,572332480,574030848,577378304,568132352,566502208,549262272,538484096,527405152,524110656,516900640,502942816,497959456,500128736,487101216,477661664,463824000,456209856,444930304,435707232,416647520,410964160,402031136,395560352,384919904,373648992,363939104,359283552,343715936,338263200
471881446.5,494134144,496143328,503744992,505745472,510824384,508176128,515849888,505706560,511042112,510669504,511176448,508220544,511076704,507696384,505333504,505362848,508714144,509365696,518444864,515216032,516742336,517693344,519253248,524627264,518691200,529220288,539332992,532605824,542011008,541074432,544152704,540751552,541137664,542267648,550223616,544084096,544873536,554166912,560946816,562627200,564372032,573667840,575241152,575454784,576306176,576837376,565262720,563344192,545259264,534716192,522262112,521391072,514641824,500172704,494255680,496705952,482724288,473177280,460869824,454052864,442618944,434083168,415299456,408912320,399508416,395405568,385278048,373616256,365421184,360504672,343679584,340365920
470300680.4,500014720,503286400,510605152,512765280,516558784,513296928,520461088,508967072,514637152,513328928,514423424,511934912,514020672,510960160,508613600,508943360,512177664,512912384,522600224,519567968,521237184,521791776,522966944,527589568,523208000,534130016,544598912,537142080,545915136,543739392,544550592,538873984,537062912,539398976,548815232,544085376,546230400,555808896,562058048,562778624,563021888,570528000,570011584,567540864,565850944,564368832,551232064,549128320,530824000,521431168,508239552,509696672,502585856,487444768,480598368,482519008,468855328,460480736,450344576,443712512,432512576,424337248,405671872,399689216,389809856,389169984,379769792,367698752,360508992,356254752,340138976,338579552
473527267.1,499669280,503171936,509545184,512335776,514725920,511046400,517404736,505483040,511594720,509844032,511893120,509084992,510723008,508128992,506833088,506916288,511397024,512261120,521079072,518285504,520662688,521309856,522493824,526568352,523868416,534288640,544710208,537468160,544907136,539770496,538957248,531529472,530149184,534547904,544864384,542420800,544301056,553005952,557865216,557177920,556319040,561413504,559646720,553160256,549238976,546102848,532370336,530466880,512129824,504563584,491542784,493329184,485869632,470406912,462497888,463663776,451693728,445331136,436462176,429955712,419151264,410398432,393188224,387904224,377841312,380840032,372141824,358952864,353366496,351059616,336108448,335898528
470061685.9,490322592,493544640,498969888,502505248,503298912,499726304,505958464,493536384,500859680,498512928,500577728,498352768,499518432,497930944,497304160,498585184,504247232,504434048,511542400,509761056,513103328,514229568,515708640,519026272,517401888,527035200,537671680,530589152,534784160,527125152,525597376,519445120,519324768,525655936,536436032,535003840,536139808,543049088,545527296,544016832,542097792,545355200,541325120,531648192,524879936,520820096,507902816,506382144,488843968,483455456,469516032,471157376,463857504,447532640,439573248,440470080,430990016,425931936,418227296,411774304,400839840,392174080,376824576,372604832,362249216,368288512,359803360,345960928,343185888,342789568,329378560,330102240
469829241.3,479605376,482520928,487186336,491368960,490767328,488012704,493935776,481678304,490116928,486352064,489071904,487454272,488594976,487651264,489080096,491431936,497594656,496591008,502257856,502066816,506611296,508415040,510050624,512462656,511877344,520912928,531135648,522558560,523843488,514624224,514777376,510899360,511965888,520438528,529742816,528823744,529018592,532932000,533020064,531113152,528655232,528799424,523320288,510820576,501704640,497376000,485660320,484471168,467875104,463563776,448823744,450177568,442845728,426384608,419161696,419763136,411962368,408293376,401189408,393845856,383752000,375464000,362460672,359244800,348311616,356238368,348578112,335490496,334835392,336156544,324852128,326146304
470190580.5,471283392,473805152,477610720,482394272,481179968,479183872,484628288,473478368,481421248,477078880,480273632,479772768,480596736,481371264,484974048,487267840,493698784,491637504,496487328,498113152,504045952,506175264,507730336,509323488,510402304,517927648,525929440,516221664,515166144,507457120,509746880,508148096,510875712,519732288,527078592,526097920,524423072,525768704,523314240,521716448,517375008,515119328,508338080,493776896,483190240,478562784,468649056,467877344,450824608,447378880,432321344,432991520,425833952,410149184,404240224,403394560,397286560,394334304,386886848,379441216,370348896,362954368,351945632,349224864,337413344,346947808,340952768,328680384,329603072,332567232,323293248,324998240
471692790.9,468221760,469908512,473045344,478839872,477160064,475663296,480788672,470320928,477763264,473041440,476853792,477171808,478883776,481296352,486200480,487800736,494800800,492044032,496626912,500157504,507191616,509228864,510535392,512273024,514284192,518502176,524405440,513907392,513181312,508240800,512106720,513234848,516297248,524920000,529925216,527625664,524454304,523456480,518973728,516556128,510602432,506313696,498636640,483026496,471447168,466601280,459035936,456995488,439338240,436866816,421612928,421888768,415290464,400942752,395579552,393277376,388160896,384891968,377770624,370340224,362493600,356086144,346304224,343495168,331452608,342777632,338008128,326893984,329053984,333098144,325849056,327962912
475130131.7,470086752,470786336,474103840,480607040,478620160,477549024,481290432,472465376,478906976,474494016,478300384,480547328,483270976,486387200,492086784,492927264,500888576,497716384,502545216,507635968,515173152,516953216,518709600,520219616,521272576,522364896,526404096,517575232,518191616,516078912,521636672,524032544,527069984,534851968,536586336,533040128,528302816,525826464,518275872,515334976,507734336,502053792,494161184,478002464,466133792,461235328,454727232,451114976,433102944,431325056,416471040,416987744,410998496,397218464,392631424,388390400,383244672,380140864,373437824,366418688,359538048,353792704,344331488,341804352,330677696,342883360,339013344,329563040,332303872,337016800,331760608,334289952
481090807.3,477462848,477748768,481409920,488311680,486421248,484345536,487301152,480270432,485804352,481677056,486266048,490443840,493434560,496733056,503285728,503526496,512603392,509262240,514515360,520477824,528144544,530350432,531930400,531710048,531826464,530172960,534756896,528293568,530209824,531437024,537024384,540242560,542859136,548473664,547399424,542299200,536564064,531767808,521821920,518163392,509125056,502941312,495037888,478879296,467596096,461084064,455466496,450342176,431989280,431179008,417493216,418597760,411973824,398987328,394765696,387850784,383168352,380097312,374281120,367462720,360946048,355377760,346280352,344966048,334649600,347089184,344165984,336327520,339271840,344237792,340859776,343996640
495430334.9,493239072,493099264,497241504,504570208,501892416,498781248,500960544,496209056,500002432,497898048,502932448,507976544,510965792,514389088,522201920,521767136,532148640,528334528,534059424,540293888,548684928,550507584,550298240,548708032,548080320,546197824,552188544,547593408,551481600,554490240,559531712,563042624,564127808,567423744,563876032,557526720,549690944,543312896,531210048,526774208,516839776,510341696,502744480,487221056,475847520,467444896,462631552,455761152,437682528,438274624,426121056,427107104,419356736,406991616,402155104,393425152,389106048,386118080,381423904,373931968,367130432,362189472,354126720,353659168,344167200,356491360,354378208,348063648,350832928,355819424,354072544,358264768
487676622,498919200,498004288,503349504,508945664,506278816,502480416,505013120,501008288,506360992,504621984,509878976,514994656,518364288,522162528,529876224,530030592,540436992,536776384,542436672,549501632,556760384,556813120,554614976,551799168,552096704,551954688,558569216,556933376,560934144,564626624,569053824,571480448,570857024,572224640,565769152,557580736,547720320,539941312,527624736,522209824,512013344,506458336,499528032,483867648,471456672,462046528,458270592,451174464,435030656,436583808,424804768,425560320,417249216,403198656,399398176,389804736,386264672,383189312,378449248,371271456,363870240,360239008,352629984,352622112,343991040,355853664,353619296,348588128,351510432,356591904,356196288,361164800
486640094.4,500978336,500160832,505564960,510312832,508063616,503795008,506359424,504452672,511327616,509815360,515162144,520161536,524155040,528238784,536352352,536732672,547062528,543359808,549802624,556540480,560828032,559346176,555422976,554066496,556264000,557445696,565810176,564876480,568299968,572232256,574477632,575517440,573103168,572748160,562588224,552787584,541774464,532835712,520905024,515223552,505489440,500743200,493551936,477412320,464892352,454572160,451783744,444986912,430153280,432494464,421032032,420663584,411286176,396842432,393341152,383098304,380430720,377161600,371466752,364600352,357823520,355453408,348277440,349583168,341154688,352364960,350251776,346636000,349671232,354479968,356407328,361629216
491129730.8,502906048,501275552,507452256,511431872,510288960,505154848,508862080,508836448,516021696,515108928,520623296,525709024,530279296,534708832,543119680,543244480,553244096,550086976,556854848,561044096,562701440,559548864,557139712,558205440,561588736,564855680,573251712,572134720,574982720,577536576,577658752,577113088,573204672,569878272,557502272,546245504,534875360,525460736,514186368,508593792,499781376,494310816,486500800,470496448,458143328,447911584,446306272,440366016,425892960,428543104,417183264,414801440,404928928,390458176,387417056,376779136,374369632,370421568,364047040,358147200,352371840,350827360,343962080,346414944,337854656,348332704,346420768,343682816,347064224,352131488,355198016,360384416
482466306.7,497459616,495666272,502859968,506087456,505817984,501172960,506659936,506365408,514917408,513673408,519887840,524963840,530402816,534679712,542073216,542584384,552274112,549215936,554538944,556152704,555176384,553089856,553021120,556040768,560200832,564509696,572074624,570275264,571468992,572113536,570537920,568838272,562162944,556922624,542216704,530429760,519301024,509471808,500254624,494477696,485504480,479550784,471379552,455781888,443591168,434834336,434611264,429240192,415557472,417402112,405165088,401796928,392004288,377262368,374878624,364277376,361194272,357138400,350621664,346138272,341164896,340145760,333166528,336323584,327468672,337056928,335116736,332958976,337463456,342278016,345371968,350109280
476214849.8,489066976,487241088,495934304,498298784,500077536,496003616,502437056,501324224,511485376,510416256,517533216,522633024,528532736,532148448,538278720,539931392,548632704,543927552,548106688,547357056,546466816,546181376,548176512,553364800,556410752,561184192,567729024,563736192,563507072,562081024,559261632,555098944,546244224,539446080,523134080,511580800,500975648,490923392,484121024,476761376,467878624,461392928,453064672,438354816,427373184,420517600,420254528,415538016,401651136,402151712,389512384,385356704,376333632,361562048,358978912,347955072,344646496,341710720,334493408,331289568,327335488,326458272,319391424,323265024,314040448,322894400,321045728,319963584,324739232,328785312,331964960,335599264
473973751.2,481948288,480677024,490398208,493316160,497165312,492737056,499652288,497854816,509582368,509296320,517243616,522113952,527909760,530610656,536338240,538368128,544479872,538085696,541686464,541039744,541346816,542231616,546771904,552376704,553711872,558346752,562972992,556651712,555130176,552148416,546899584,540860288,530002784,522111616,505478656,494248352,484641184,474682176,468587648,459670688,451165344,443875328,435884704,422851648,413670240,407713664,407020960,402487456,387371264,387249600,374307648,370073568,361500800,346672160,343055712,332174912,329581056,327493152,319602528,317374720,314565856,313537920,306318464,310867520,301416672,309763328,308667424,307645248,312346432,315545568,317957472,320370432
473371003.6,478628736,477455488,489262016,492827808,497749088,492569120,500113472,497795680,511036480,511731616,519909440,524143456,529637280,532021664,536681600,537356736,541102912,533201312,538955392,539168448,540523008,542742720,548099264,553574528,552632768,556008960,558927616,550081984,548013568,542267776,535260928,527534240,515175616,507093760,490579904,480006400,471660480,460377024,454812576,444412704,436209152,428671872,421661984,410700384,402372640,397363488,395498496,390475520,374954400,374084672,361254016,357313984,348509664,333159520,328968448,319541824,317227328,315695168,307563104,305869280,304185120,302756224,295317248,300356896,291031648,299473536,298357280,296893120,301498880,303279040,304182784,305449376
472372322.9,476868480,476798880,490641024,493975968,499422560,493750336,502307424,499315744,514352512,515483392,523217952,526642656,532472576,533894304,535660512,535278272,536974464,530113568,538868544,539665984,542436736,544281920,549687040,554355712,549974144,552337408,553429248,542675200,538960704,530989312,522585152,513567968,500463008,492771200,476558304,467120832,458293824,445598656,440851200,428685728,421416960,414525024,408787776,398831680,391266144,386598688,382748928,378129312,362323488,361040096,348151072,344452640,334879360,319334112,315633568,307704160,305469120,304500352,295950048,294879712,294003488,292045088,284495552,289889920,281451424,289296256,287755168,285756768,289568960,289644800,288800192,288867328
461953770.6,472541248,473474368,488168608,490799392,496760320,491358528,501163104,497463744,514529792,514765632,522100128,525322912,530867584,529829600,528627936,527770272,529859392,525266880,536392128,538248320,540595840,541787264,546134976,548570368,541123136,542499520,542352896,528950976,523923392,514094784,504909376,495276320,481794752,475339136,459350592,449745312,440035520,426234240,422357280,409045504,403535456,397929408,392580800,383320128,375517824,370321504,365469728,361596736,345842048,344349184,330745728,326804192,317498336,302271712,299109120,292717664,290785376,290106144,280835328,280940096,280313888,277883616,270531488,276595168,268458848,275618848,273497376,270280704,273100864,271458784,269094176,267642384
460738827.5,470538272,471819200,486496864,489192288,495986944,491025120,501860768,497961952,515461600,515375296,522937536,525375904,528708128,525719584,522747008,523359392,527155648,524382528,537904384,539336320,541189056,540906304,542985536,543382976,533454368,534048320,532067104,516485152,510190688,499485024,489736352,479766848,466393600,461423936,444508736,434283552,424380256,409431424,406173312,393324416,389736512,384028832,379141120,369706144,361090656,355765344,349851072,346705632,330457568,329034176,314212992,310413472,302244800,287724896,284592736,279342656,277773024,277349280,267447264,268163136,268216080,265704304,259238176,265456672,257388688,264196880,261138112,256427056,258161088,254633648,251243856,248275168
463327847,472584384,473860416,488457024,491910848,499385248,495141696,506449408,502206752,519174304,519710528,526603040,526727104,528058624,523633952,521885056,524539136,529923328,529022944,543228608,543808576,545116160,541815360,541948864,540301568,528889664,527510688,524195392,506745536,499770976,488992704,478779072,468906304,456067168,451242688,433500576,422868192,412723200,397450912,395119680,383348192,380354304,374598816,369342816,358928352,350247968,344639264,338155488,335540992,318636384,316642688,301344224,298788800,291230016,277503552,274655680,270216736,268934208,268435616,258305760,259389312,260624976,258569808,252187856,258032800,250314336,256242816,251954416,245611648,246208928,241029792,236186176,232039168
456036756.8,473014688,474346016,489077056,493339072,501235776,497805984,509151808,504158496,521658560,521221312,525876224,524036256,523916992,520772416,520734848,525484928,532594592,532020960,546103360,545536832,545056128,539075456,536978752,533763456,520021824,517417184,512722016,494408928,487334816,476673792,466676992,457205472,443766400,439218624,420377536,409645216,399438432,384977952,383897664,372210976,369679616,363739776,357248960,346386656,337229408,331645280,325045696,322714912,304908288,302894368,287995968,286533056,279927648,266590736,264350528,260652736,259553408,258740160,248491408,250657328,253236624,250845152,244424368,249463744,241761632,246284752,240633888,232874080,232426576,225582032,219645472,214322656
460993713.2,478331328,480241312,494901408,500615168,508509728,505337824,516054592,511791744,528012384,525855008,528260960,525026240,525766176,524985312,526986080,533573920,541199168,540255040,553516608,550863936,549221056,540372544,536688384,531001344,516203968,512155872,506810176,488304608,481082912,471210336,461445056,451026720,437013568,432654048,413068640,402607360,393311584,380184832,378542976,367573152,364681760,357396448,350408992,339041376,330322112,324427072,317206944,314172448,295627200,295044672,280379936,279817952,274171008,261552288,259577888,255972528,255417152,254215056,244393760,247642832,250949952,248237920,242004464,245723984,237747104,240906192,234241312,225434352,223323520,214794224,208633040,202258656
461798876.1,485911744,488351968,503117280,510007104,517106720,514053408,524635616,520507296,533788672,529829600,530321312,528365184,530956832,532401216,536627616,543555520,551094208,549146112,560286912,555893760,552981824,541916288,535567712,528125760,512621120,507639872,502099136,483926592,476879104,468053472,457301376,445895712,431657696,427392960,407455680,398334976,389955904,377366656,375083968,364245376,359957248,352185568,344687232,333166752,324591840,317928864,309826240,306577696,288614784,289138176,274758496,275353248,270398688,258099792,256790416,253197344,253249792,251632672,243009424,246588800,250262864,247239584,240603680,242387936,234054400,235888240,228370784,218094496,214610784,204973952,198576464,191496064
463932384.7,493880416,496898400,511501184,519168000,525065952,522728064,532343296,526859584,537369088,531851520,533102432,533389568,537592768,541748928,546518336,553175104,560062912,555822784,564786944,558736640,555160896,540880064,532572832,523696320,508126176,502942624,497341056,480072928,473478560,464398144,452546496,440398176,426095328,422368000,402631520,395352832,386800800,374745856,371102240,359650880,354725760,346499904,338990144,327123424,318110112,310097888,301722560,299143744,281579552,283405120,269458784,270976960,266675040,254501600,254041200,250209552,251259248,249665168,241579936,245173664,249160080,245208208,237948608,237585600,228967120,229555104,220967392,209627648,205253168,194515184,188807040,181203248
463652795,499174176,502351680,516297184,524454176,529640192,527386176,534228032,527766240,536125952,531297408,534493120,536765728,542960704,548157824,552786432,558552512,563491328,557112000,563568384,556633856,551326592,534620896,524733696,514997440,500289312,495095008,489737280,473969312,466374400,457087264,444403616,431511648,417884480,415508032,395973088,389618176,380946912,368721408,362782016,351631392,346378080,338023136,330619488,317898304,307562112,298655808,291261152,289061824,271984192,275482560,261701184,264011504,260453136,248083120,248718000,244624800,247416240,245010512,237109904,240839648,244432256,239074976,231361728,228825504,220032336,219080016,209808112,198052544,192906944,181907248,177541072,169621168
464467633,501495776,504250752,517262848,526540576,530295456,526318752,530634560,523820320,532684992,529375520,534480096,538977984,545356416,550958144,554934720,558396224,561600704,552988480,557379584,548604288,542426944,523699296,512964640,503265280,489772608,484896192,480163680,464428704,455827776,446790208,433200640,420177312,408186720,407478848,386958432,381550048,372406912,358906592,351351680,340962304,336020448,327247520,319755136,305652928,294326368,285558080,278992832,276891712,260611776,265686720,252109264,254979392,252242352,239721232,241542080,237574288,241422512,237944032,230255264,233348304,236253424,229404208,221642096,217080736,207776208,205618928,196386864,184393616,179258032,168525888,166097408,158110032
455427014,496418848,498339808,511115168,520444384,521063328,515699680,518309632,513528832,524463712,521618656,529398912,534040128,540151168,545388416,547187712,548825728,550030976,540124416,541118976,531531424,524574336,504923904,494211104,484784256,472853504,468845504,463078176,447536992,438320736,429624224,415942912,403615808,393833888,393774720,371968160,367124992,356747392,342528992,333871776,324892512,320375232,310907616,303118624,288226016,276468480,267818160,262230464,260436704,245024896,251524336,238204080,241435312,239940304,227052720,230707504,226210912,230604864,226333648,217993520,220319680,222439744,214123376,206795616,199910864,190512032,187617536,178553136,167251648,162738304,153113920,152818336,144893792
451809684.8,488999424,490810400,502495040,510110464,508035744,501583520,505109504,503568128,515729728,514081376,522737792,526792896,531927680,535493408,535696032,535216128,535120576,523159168,521297184,511250496,504315904,484830464,474384224,465766112,455983392,451223648,444424576,429203072,419477952,411870112,398827264,387507776,379031392,379432448,356304480,350943552,340585984,325660576,316313184,309158432,304488096,293639008,286330560,271931200,259803440,251367312,246663088,244631840,230157520,237876672,225147408,228492896,228359984,216137152,220389680,215131520,220083408,214584000,205367968,206567264,208192880,198783984,191881712,183277536,174390528,170857696,162834576,152895264,149275136,141000192,142974832,135199792
445494168.4,482033536,482996928,491926336,497902880,493715136,488520512,493899552,495162048,508757248,506542400,515461696,518288512,521402880,523208416,521811808,520016480,517501120,504376224,500073152,490038240,483891968,464973344,455202400,447883168,438647424,433029024,425294496,410415552,400961216,395088352,383073920,371864384,364744608,364970176,340050528,334816256,324756128,309659648,299915936,294071680,288585344,276932800,271112672,257383424,244911008,237000400,232904480,230577104,217316752,225757344,214114160,217559840,219108176,207160288,211559744,205889696,210423952,203541584,193623328,193672592,194979696,184435280,178338912,168595392,160241536,156640768,149992944,141828512,139269792,132662976,136160656,128847792
439176194,474232992,472638432,479160736,483825728,480253024,476989216,483914848,488130336,501294624,498016832,506510208,507066048,508411456,508164928,505853472,501910400,497564512,483838048,477824672,468473856,463233504,445303104,436799872,429315040,420324672,414089536,405443968,391536800,383238848,379280960,367423904,356489024,350053408,349269152,323659136,318572672,309321024,294195232,284036960,278788608,272872256,261591200,256896464,244191264,231701088,224193840,220632480,218068832,206129520,214981120,204810928,208729168,211089872,199448736,203860240,197396800,200824288,192840480,182385824,181557408,182198032,171045952,166185152,155398176,148164816,144933936,139733952,133550456,132201264,126966920,131588936,124882840
415111924.7,457948768,454042592,458613216,463957024,461900128,460299968,469465888,474343392,487119392,481155744,488441568,486926464,486664672,484847072,480036448,475436768,469278144,455750944,448828800,440709536,435951136,419829472,410965856,403096064,394323840,387594048,378630368,366752096,359709344,356641824,345016544,333984320,327593792,326204768,299998944,295632256,287152256,271748800,261366800,257159632,251558368,240831120,237421040,226099392,212783104,205921440,202881552,200597648,190157408,199471040,191034800,194876640,197866576,186253184,190319344,182992048,184950016,176329808,165387296,163928096,164238592,153220640,149397408,138503952,132855856,130103728,126462280,122433768,122151016,118641784,124029592,117871400
417094665.5,447085632,441477728,446317440,452898464,452240128,452103616,461094720,467203808,476985984,469270336,474698496,471362592,469641024,465479936,459512480,453610432,446285568,433630336,426128576,419039808,415981920,399741344,390333856,382707360,374447360,367399136,359363072,349224320,342390368,340172736,327988800,316535776,310314592,308330304,283691840,279592864,271662240,255564688,245326256,243186496,236956544,226120944,224006272,214681696,202110624,195810784,192551456,190422208,181797872,191432768,184412784,187817152,190694496,180160912,182748688,175026288,175911264,166710656,155889936,153067648,153998576,143635376,141199760,130978152,127230000,125835384,123657048,121549824,121664736,119350168,125320808,119751624
409661625.8,443092384,438113792,443738464,451444576,452377408,451981920,460032352,466491808,472772832,463471072,466738976,462338816,458447168,452150912,445115552,438298976,430620672,418545056,411627008,405385632,402401600,385486688,376232992,368737984,361066912,354243488,347220544,338151776,331332000,329723680,315735360,304880768,298614240,296080064,273303456,268585952,260339024,244836544,235640592,234738464,227814320,217671936,216189104,208580400,196663792,190477392,187694912,185814032,179173552,188879328,183115728,185941760,188061776,178435200,179735952,171503792,170915072,161078464,150689536,146969408,148014832,139186720,138023360,128955600,126701296,126489112,125401808,124572264,125426544,123586104,129269960,124537600
420836674.2,448804000,445298400,451384960,460889920,461875904,460646144,466598688,472642272,475392096,465516096,466523264,460263168,454824320,446514688,439102112,431310944,423567008,412410400,407299296,399759904,397161088,379240768,370595488,364051488,357212128,350702880,344041472,335823552,329058304,327124576,311761024,301624064,294826720,292400928,271276128,265067888,256695296,243174128,234219648,233936480,227006848,217856224,216326688,210204832,199325296,193233568,191303424,189813904,183879216,193850256,189267648,190646480,191856944,183218400,183049920,174269360,171946368,161449216,151599760,147007040,148036080,141225008,141253056,133338024,131986200,133197568,132743848,132443096,133737288,130640944,136748320,132482184
414147637.2,456332160,454399072,461309568,471653760,472207648,469694176,473446048,477711488,479009536,468015296,466372960,458783872,452652448,442478048,434860960,427350080,419636640,409325280,406148800,396687904,394172480,375329024,367813760,362840000,356741152,349576192,343253312,335481696,328227776,326412576,309735328,300360960,293349472,290656576,269038400,261669328,254155824,242770816,234071472,234142896,227746128,220259744,218544416,212662272,201676816,195596560,195628256,194215424,187722976,198773296,194042400,194265072,194510480,185765808,184349376,174539392,170081568,159056528,149095440,144819824,145671504,140963440,141263712,134613632,133185616,134987152,134943552,133975624,135328752,131162760,137271744,133715512
410100350.2,454558848,454672672,461188640,471905568,471574208,467173632,469387584,471003488,472327200,459211488,455922944,447651040,441446016,430755808,422576480,416865056,409411136,398933184,397534208,386569248,384271232,365185600,358857536,355916896,349223840,341833312,335883776,327985440,320820832,318649632,301589568,293096128,285153312,282456768,260209984,253335072,246299760,236629392,228865024,228766496,223278448,217222304,215365392,209747648,198450416,193045712,194269104,193382784,185755472,196984736,190819088,190116064,189808144,180379824,177363440,167420928,161298976,149651136,139691872,136656112,137735184,134801472,134731808,129091968,127232304,129704656,129200648,126173536,127590976,122581232,129642104,125838840
408875208.5,451726976,452911328,458864704,469174560,467420768,461506496,461967072,461655712,461457792,447821888,442640960,434388576,428827584,418022720,410105600,406713120,398749984,387058720,387529344,375315776,374105280,355577088,350315968,347966112,341071904,332748832,327247520,319605600,311968608,309813440,292913920,284833312,275645312,273305440,252354144,245432848,239349120,231517440,224715088,224503392,220115968,214259936,212748080,207327504,197402352,192012544,193517296,193291360,184133680,194598704,186710832,185288816,184143344,174146384,169344704,160262080,152690000,141237072,131663688,129739320,131277576,129891840,129261312,124908936,122382928,125212696,123038504,118660960,119636608,114621400,121944704,118456760
396087891.8,440386336,442162144,447420800,455484064,452638496,446421376,444839520,442069568,440840544,426708640,420640960,412775360,408222400,397987360,390975712,388593760,379937536,367334048,368965984,357091520,356753824,339476384,334817344,332266080,324616800,314352064,310010208,303165536,295426720,293359040,277041824,268071120,258586672,257960912,238012816,231087616,226432848,220207328,214508432,214407760,211811856,205837936,204864592,199954432,190484960,185578720,187014832,187129264,176701696,185533168,176313264,174122528,172339104,161405408,155789984,147652752,139641456,129111120,119600664,119719144,121491656,120817568,120042632,116748704,113155552,115728536,111635016,106476320,107473608,103250816,110308000,107596520
397409613.1,432263008,433966688,437607776,443324320,439388128,433362304,428186272,424651232,421168864,407529120,401437344,393572928,390010528,380808896,374048000,371381024,362497056,349065792,351597600,340885952,341526400,324767104,320618816,317396640,308894208,297203648,293941728,287815968,280010816,277972832,261615936,251916368,243638304,244001728,225865056,219144256,215755840,210749504,205981872,206205648,205127168,198493584,198752576,194033664,185624960,181533568,181455616,181224384,170147808,177014032,167490992,164130304,161609632,150827184,144367600,137594960,130012544,120268968,111738776,113112488,115373168,115704120,114724088,112639808,107513520,110152504,104635640,100353768,100716672,97402744,104501904,102843296
383284840.9,423527904,423806624,425832800,429628480,424653088,418051392,410646592,406372896,401486496,388023392,382964576,375378432,372943744,363490592,356526848,354004608,344641408,331647168,335013696,326115424,325969504,309920160,305729568,301030240,292581664,280075072,277184800,272454368,263848336,261861920,245344992,236228816,229099936,229615664,212754896,206875008,204084016,200309728,196201952,196982896,196641680,190646096,191306336,186707232,178499248,174409216,172748384,172048448,160751184,166159248,156040800,151910368,149298304,138242752,132121608,126210472,119421456,110316416,103252672,105567432,108506096,109581768,108004712,106197728,100583960,102254976,96765704,93310720,93720024,91196576,98189488,97363008
380517868.3,416324512,415377728,415651616,418338048,411419008,404528480,395477344,391285216,385006560,372518144,368726944,361821280,359053728,349538336,342474656,339809152,330464064,319123968,322856800,314953984,314083296,298241728,293061792,287754688,279821600,267226720,264448448,260870880,250758736,249313312,233186288,225053184,218655632,219176672,203790640,199123024,196358176,193745024,190003536,191478448,191519280,185629040,186232496,182331200,174454768,169821568,166198544,164945264,153906544,157618368,146948592,142486048,139728976,129242088,123699224,118762792,113257720,104408624,99124528,101829568,105418584,107059864,104149832,102794680,97324256,98524544,93358376,90869680,91508136,88776272,96254096,95734840
375731789.7,414779296,412675424,411423968,412758080,404105280,396608416,386769504,383249824,375775584,364536320,362081280,354988576,351576064,342074432,334714688,332305536,323634496,314117088,317502304,310266176,308481792,291955744,286298464,280634144,273810304,261319040,257972032,255163264,243698400,243694336,227459120,220636128,214834288,214908560,200894528,197540848,194537456,193185504,189635712,192201360,191393088,185710880,186249216,182602576,174791984,169053184,163806496,161796064,150787792,153508240,142389504,137633664,135081552,125518800,120894560,116666760,112419952,103241336,100066808,102445456,106742312,108185736,104336264,103131280,98983864,98945048,94726992,93107000,94088688,90566560,98405672,98113624
364783626.9,411746848,408847328,405195904,406148064,395670080,387845856,378495872,375590400,367658912,357590624,355523872,348519296,344496480,335081120,327316064,326152096,318221152,310124288,313078912,306019360,302672896,285718976,279662144,274123200,268329136,256110832,251456160,250154448,237928512,239165472,222530288,217674512,211896128,211479360,198188048,196577488,193090432,192921072,189877488,193073120,190564960,185619904,185386656,181851760,173486144,166395952,160047632,157170352,146373008,148911008,136808304,132497952,130823616,121902696,118723264,115082976,111841640,101995896,100723696,102755656,107157192,108702448,103635360,102939464,100508512,99099432,96042392,94729272,96839328,91666688,100258304,99797168
357232331.3,408740800,404196448,398706304,399512096,387637504,379506624,370983456,369059424,360664576,350840256,348708352,342156736,337331616,328450688,320694016,320784256,313072352,306099744,308141632,300364160,296477664,278864832,272559008,267215488,262296528,250228864,244863920,245572288,232256096,234605696,217601984,215025120,208938048,207824688,195654096,195705504,191983760,193053968,190128416,193849328,188992864,184275376,183112512,179756992,171304784,162757360,155193216,151728384,141770416,144358928,131532728,128173792,127701272,119553456,118086144,114933408,112913320,102032528,102874848,103404072,108632984,110537016,105007688,104858568,104700984,102096888,100252952,99590472,102706072,95681688,105404488,104727648
357396013.5,405789600,400473312,393438752,394228704,381532032,373109952,364954240,364514560,354283328,345001792,342435872,336115488,331035584,322934624,315986976,315687456,308531936,301874272,302460256,294162048,290533824,272484800,266213344,260612128,256160256,244494416,239532400,241667360,227745872,231000288,214095136,213349120,206568272,205429392,194846576,196148624,193076736,194744656,191619712,195818512,188413744,183677584,181512176,178161776,170305936,160179120,151868768,148228784,138971920,142214592,129346720,126903888,127816416,120624112,120620416,118182408,117462216,105562664,107635328,106762144,112604416,115601352,110379064,110527504,112792752,109359096,108937136,108847760,112836704,103966664,114763320,114318320
334235050.6,397129472,391240384,383190976,384102368,370766336,362552160,355393920,354860096,343568800,333883712,331111872,325027648,320512416,313125536,306136096,305739008,298371520,290948000,290783520,282525568,278916416,260794256,254049088,247505456,243779152,233184592,228181984,231618832,217472032,221405536,204948240,205123312,198338560,197091232,187028496,189703520,187632816,189098496,185888224,190686816,180555248,176115568,173298592,169177168,160568064,149356896,141406272,137751312,129704264,134261984,121610176,120676752,123168584,116037416,117812704,115740968,115940856,102774632,105678048,103797376,110976936,114959944,110179088,110993040,115268816,111298536,112056936,112703336,117733824,107802704,119293224,119657672
336167407.6,383976608,378339904,370223008,370723232,357362048,349867456,341033280,341197696,327978720,319330464,315830976,309853312,306392224,299166720,293105152,290528160,282928896,274993344,273814976,265809488,262977616,244551472,237410592,230212192,227789600,217811184,213604688,217492432,203964448,207871200,192888672,193232128,186046640,185926624,178040304,180774128,179961776,180973696,177127904,182158656,170594976,165745696,162383728,157152128,149771344,138660336,130636856,127682208,121212184,126698056,115154864,115186272,119225768,112421056,115570472,114392472,115552808,102054200,105131232,103109992,110955072,115976432,112887952,114192344,120149864,117353736,118581640,120729304,125597968,115188168,127871040,129063984
332132108.2,376982912,372329760,364132192,364503232,351654848,343379840,332864320,333218624,318812576,311160256,307312576,301352416,298815168,291044672,285890400,280551392,273408608,264438992,263038256,255078128,252708128,233985088,227104048,219698160,218623392,208960672,205714672,209678672,196815056,200723248,187449472,187456720,180474704,181681936,175526064,177489024,178149872,178740640,173979936,179007264,166585296,161521744,157494208,150717264,144939216,133514680,126118728,123727656,118595680,125401344,115374520,115933992,120981576,114540040,118549624,117397664,119256296,105765784,109677216,107151936,115214752,121211328,120013120,121756824,128544232,126822160,128880296,132169000,137011728,126305904,138941424,141517024
319242574,364396512,360499200,352759040,353684544,340734272,332269824,320918304,320666080,307104064,300079168,296891936,290252160,288844832,280517024,274949344,268643744,261561744,252990816,250776704,243253472,240046336,221640992,216123088,208391472,207958224,199294544,196342832,201237968,188944144,192569248,180989232,180860096,174448960,176657248,170597168,172422160,173227376,172835872,167643888,172413952,159727056,154585008,149523088,141947744,136492768,125140056,118952080,117859176,113547288,121444216,112418272,113446592,119738400,112886176,116713200,115552640,117420936,104731896,108736000,106682840,114654912,120632960,120646824,122317448,129257736,129002904,130892144,134744416,139870592,129035416,141409456,144297424
306794596.6,348813024,345943776,338928256,339237984,326729120,318230144,306173504,305723296,293623392,287458080,284108992,276535456,275814144,266879136,261300544,254150336,247634080,239009648,235597376,228599024,224623040,207352256,202831264,194805760,195116704,187144416,184671168,189854112,178190416,181515872,171692720,171438512,165707680,168145232,162405152,163297952,164161328,162289952,157114608,161953728,149189360,143381008,138153376,129436336,124879672,114242576,109013736,109386968,106228944,114310976,106199312,107857600,114722896,107094504,110662784,109384128,111715744,100416920,104062488,102785872,110262288,116342888,117012928,119458568,126095936,127223000,128930128,133659816,138158688,128431544,140637488,143263712
296101868.1,330871264,329246304,321828640,321243392,309739520,301390656,288710656,288547680,278169344,272239968,268838656,259531424,258943008,250116512,244813680,236877584,231012528,221988944,216778688,211065792,206753440,190435056,187181808,178960736,179569632,172128112,170064736,175200128,164763344,167665264,159983728,158883584,153656656,156409504,150986416,150379920,151027472,147961632,142953664,147636304,135843424,129394152,124144712,114655272,111414304,102173856,97820000,99837760,97564760,105290888,98141464,100051472,106621872,98911784,101943968,100976744,103793728,94592944,97343960,97264784,103793872,109382520,111296760,114710960,120173064,123423648,124780520,129940584,133844328,126104176,137936448,139871760
289743012.2,316039648,314781536,306534752,305030240,294669984,286610784,273507008,273866496,264419360,258679744,254708240,243006320,243043184,234186816,229791040,220727904,215432832,205422848,198885664,195009680,190405360,175161152,173323840,164858000,165575392,158388704,156831600,161519104,152912672,155708096,149772352,147479888,142805488,145517344,140720272,138113648,138622768,134830256,129635440,134210000,124072072,117086152,112313472,102251032,100672568,93025912,89742592,92957432,91266424,98437384,92522952,93779624,99949376,92857432,95592744,94993344,98129816,91697672,93173552,94428408,99509368,104835280,108502600,112703608,116867256,122417792,123154904,129124464,132346392,126669632,138057664,139275808
289052308.6,304619136,303623808,294631904,292288288,283191616,275847328,262416832,262680576,254203344,248217392,243083600,229871200,230665872,221741552,218247872,207999904,202927376,192617024,185697968,182924800,178536944,164586528,164033568,155562432,156144032,149183648,148336544,152875872,146545024,148708112,144341872,141232672,136333472,139134336,134862096,130348896,130552992,126232208,121060872,125258992,116788816,110101496,105730856,95741264,95888368,89606232,87410688,91744232,89987408,96712672,91613768,92174432,97966936,92301976,94489744,94615520,97981856,93833488,94536216,96605024,100374040,105728352,111031352,115516080,118778312,125886544,126471784,133056616,135516096,131368528,142354064,142881888
282377381,298070112,296968416,287579808,284929024,277041728,270387200,256631424,256803600,248837584,241731280,235918992,222035152,223809792,214529056,211213632,200283296,195381296,185706656,178907376,176468912,172821280,160031216,160228640,152150112,152610736,145968192,146052608,151183824,145946688,147588144,144412608,140709168,135278208,137829616,133321536,127312304,127200672,122461496,117952768,121337696,114163648,108359096,104453728,95042240,96394584,90699592,89785528,94885440,92932168,99058496,94619696,94813528,100843144,96306544,98051976,99223360,102283456,99853792,100196552,102567056,105839624,111629512,117636656,122632120,124901736,132940328,133947984,140455632,142546592,139145280,149783296,150019520
271617385,292151200,290428672,281254624,278997312,272041504,265652704,251969808,251931744,243567968,235714896,229392336,215689680,218005888,208446144,204559440,193695120,189292480,180450816,174020784,171721520,168805088,156893792,157506768,150137536,150315568,144201552,145475264,150891152,146154864,147487168,144572352,140522496,134374752,136530320,131253184,123915136,123852744,118764040,115012512,117923608,111835384,107328416,103915200,95483360,97283208,91989344,92246208,97938720,95269704,101163088,96888240,97540960,103961232,100287304,101886920,103894808,106827000,105394880,105592080,108345352,111544608,117948472,124051464,129359792,131172088,139867664,141152272,147163232,149138432,146292944,156978400,156947872
265843269.4,288648032,286560768,277992192,276363968,269427456,263250016,249258048,248895072,239878032,231702064,224864656,211880160,214013072,204121824,199898080,189501312,185661584,177326208,171836880,168928176,167362864,156022992,156894528,150545648,150612816,145297504,147469424,152581248,148293776,149025136,145747312,141567616,134785088,136407136,130500816,121957184,122491168,117099784,114239456,116892256,111767648,108659760,106079280,98408344,100922712,95696056,96885776,102431560,99440992,105238400,101554336,102666176,109462664,106793120,108169768,111443176,114254808,113505992,114005352,116809032,120191136,127721760,133316376,139373744,141280432,150069584,151840848,157259600,159290320,156745248,167994528,167756592
259437139.5,287619904,285376224,277556032,276247872,268931104,262423872,247800848,247565984,237604256,229556464,222136016,210113552,211494256,201553136,197469856,187545424,184307264,176525632,172147280,168051760,168308192,157302032,158411920,153284176,153758688,148890624,151750352,156767792,152103680,152234128,148013280,144281472,136932128,137579696,131235992,122099376,123146104,118158456,116335056,118776248,114473296,113035968,111170424,104449712,107582544,101919200,103463408,108997976,105900680,112646688,109485664,110999896,118558392,116549064,118179872,122455512,125520072,124851024,126232888,128879544,132828168,141372224,146629376,153580944,155604064,163993520,166505232,171192208,173949264,171050240,183049696,182828896
254079275.7,287820736,285300320,277584672,277118912,268760864,261084800,246654624,246497008,235667232,227928400,219733600,208739264,209573408,200220544,195809232,186720832,184172176,176929920,173895424,168110560,170443040,159638512,161101376,157635472,158097824,153605984,157230032,162072512,156336160,156127296,150334912,147793520,139790480,139371920,132846240,123574904,125252512,121299912,120793328,122842408,119401168,119531200,118363024,112897264,116425680,109476384,111535432,117014992,114609216,122744504,120219616,122108400,130631376,129333136,131260728,136547440,140182640,138908624,141754464,144373824,148551936,158766944,163648544,171381216,173499808,181114816,184600224,188598224,192590176,188646096,201673792,201551344
247149035.6,287602784,284110752,276540832,276763424,266946928,258368416,244575840,244500784,232968784,225284576,216324608,206490160,207509728,198674336,193774976,185982000,183814256,177025696,175437552,168215568,172106512,161657792,163864128,161522448,161830992,157585200,161436304,165909200,158971472,158667712,151009968,149491408,141359296,139850144,133094880,124330736,126498304,124108432,124940864,126703240,124044072,125400856,124871848,120650400,123462328,115745688,117973136,123795984,122201872,131704104,129910096,131940768,141485200,140660016,143000320,148999760,152959280,151141376,155504352,157726576,162326848,174137040,178485296,186925904,188887328,195704848,200293728,203658416,208871264,204104096,218046112,218053728
247896920.1,286860992,282927904,275220928,275388096,264962384,255668304,242374352,242423040,230156992,222471840,213184528,204715488,206037856,197838672,192833776,185964912,184243296,177862400,177489120,169370656,174529504,164824960,167619520,166104368,166211808,161432304,165366560,169139984,161612208,161051888,151729344,150858304,142791104,140632064,134348736,126158848,128694080,128081528,130136248,131289448,129748368,131756648,131528712,127948560,130380968,122246624,124773952,130839872,129849896,140240144,138984416,141133856,151029056,150995856,153454368,159984272,163999248,162238976,167046720,169189072,173962848,186635616,190759200,199445616,201123712,207750272,213088464,215903904,221822736,216845776,231414656,231581920
245963015.4,287270400,282879744,274619904,274988896,264287168,254551344,241499072,241364768,228218656,220802000,211928336,204263808,206225376,198613808,193657008,187618144,186227984,180210128,180955776,172550768,178797488,169597824,172701760,171981504,171483392,165682720,169542608,172602864,164734928,163691008,153241664,152763776,144673056,142482368,136694688,129141808,132277056,133303096,136416848,137022656,136471152,138780832,138001520,135171824,136919920,129126048,131798848,137877184,137644832,148322416,147669952,149685888,159727152,160669072,162858672,169759984,173540336,171759744,176952656,178814976,183672800,196804720,200647472,209660880,211006016,217510480,223410704,225799776,232159232,227576688,242130096,242931488
234288548.7,282972256,277671584,269465952,270045696,259459424,249765152,236719424,236042112,222536896,215721776,207583840,200443152,203090528,196066944,191040496,186034192,184515040,179099728,180815760,173053424,179194848,170190192,173480272,172792960,171295376,164511232,167880240,170422928,161944848,160746608,149453616,149026960,141346528,139567216,133889736,127184464,131331216,133198944,137489696,137818368,138025312,139886640,138786832,136374192,137395184,130299104,133199312,139452000,139815408,150715776,150057312,152316592,162534016,164163216,166097232,173295952,176269920,174956192,180084544,182069920,186988544,200201920,203692032,213469888,214448576,220997936,227192944,229400448,236062880,232624576,247035296,248378032
225167402.6,274222176,268701568,260456416,261581712,251302464,241535520,228337360,227519968,214259200,207942560,200854544,194367776,197193824,190993728,185695216,181665488,180125840,175047520,178126208,170577664,176382144,167317360,170389920,169211488,166872960,159038240,162067264,163505376,154654992,153681408,141252144,141148256,134592240,133174304,128126920,122255816,127085344,129864336,134839712,134953952,135239456,136644240,135623664,133912376,134292448,128127672,131164088,137531584,138589568,149413120,148837872,151559104,161536608,163848672,165842656,172856624,175670528,174911472,179700976,182214624,186880368,200155168,203893040,214297248,215229744,221975296,228510208,230826784,237559872,235615632,250373728,251664192
217963835.2,265174608,259646128,251382688,253187584,242970960,232653216,219834368,219441680,206286544,200559136,194785888,188840656,191645056,186133344,180580560,177551600,176300928,171448640,175570032,167910736,173524016,163970464,166511184,164708848,161950976,153038640,155587008,155995792,146972352,146184912,132862888,133400472,128526392,127141832,123326264,118075792,123168920,127189144,132346488,131640256,132151496,132946232,132900248,131886152,131699928,126499712,129342064,136034608,137489904,148630944,148330304,151374048,160849888,164067664,165820144,172956160,175934704,175363488,180064912,183064304,187374816,200940176,205234688,215966464,217110912,223966624,231088240,233494064,240552144,239801504,255040448,256128208
215853559.1,257621024,252534672,244125216,246460080,235899856,225265840,213359088,213230800,200248864,195467040,190720944,185269904,188118496,183136256,177495200,175453504,175047056,169949216,174759104,166958576,172130256,161951936,163953024,161562688,158599840,148426896,150743616,150641360,141399056,140988976,127231024,128808144,125514032,124335432,121830264,117280472,122072600,127525328,132038616,130619928,131291584,132023992,132821408,132856848,132369720,127762832,130578920,137331840,139220704,150836240,150862928,153982848,163144960,166742864,168589232,176080144,179128640,178428416,183309104,186599632,190673904,204504496,209421328,220174928,221592800,228629136,236278656,238874368,246334864,246171712,261827904,262825136
212620055.3,252530864,247921872,239156048,241687104,230988720,220626848,209426256,209454768,196892768,192926912,188999344,183876288,186993600,182351968,176884432,176155392,176119072,170703632,176023488,167802112,172149296,161552480,162879488,159994928,156682992,145475952,147772992,147443456,138184848,138290496,124635016,127344512,125519848,124380288,123031832,119107832,123419248,129583536,133755568,131678440,132814976,133500912,134988736,136335008,135212880,131319664,133898232,140624480,143123216,155063792,155424976,158730336,167169744,171328096,173333728,181064672,183809328,182909968,188250368,191595568,195590112,209677856,215067120,225829072,227431744,234532928,242893696,245671984,253351616,253518704,269267232,270527552
203880016.6,246447776,242033792,232637744,235666176,225397968,215492032,204943536,205243184,193081216,189687776,186596544,181652720,185040240,180827456,175879520,176063232,175943152,170454752,175551472,166907344,170067568,159106848,159706096,155978368,152431632,140717888,142688016,142828800,133587912,134474224,121169576,125014256,124290728,123279080,122548584,119161320,122511544,129288056,133159832,131311968,132635080,133430312,135604336,137941568,136154000,132811024,135361216,142065216,145156448,157290880,158052800,161195968,169351632,173946640,175989072,183755696,186050784,185088544,190967200,194521088,198449536,212821200,218461616,229363888,231054304,238489024,247430656,250247008,257948688,258560880,274270496,275770176
193337414.7,237901952,233394928,223529152,227765824,217858320,208588048,198883584,199303536,187567600,184541968,182430320,177597744,181208688,177820368,172895456,173738208,173437648,167410176,171755056,162877072,164738528,153454848,153054880,148506464,145136384,133024768,134910624,135741552,126668168,128490208,115606024,120232960,120723832,119470560,119299224,115642056,118386104,125673256,129618392,128295040,129720392,130755032,133509776,136843264,134094152,131525840,134143328,140692240,144333392,156845664,157519200,160941696,168796656,173606448,175633984,183270368,185281632,184644624,190894144,194926208,198630336,213266112,219244768,230252880,232240512,240209744,249415872,252230432,259757232,261038368,276872064,278171808
186163535.8,227973072,223871616,213936784,219280176,209760304,201257280,192193584,192638560,181357872,178747456,177716560,172940272,177151216,174004576,169071632,170386560,169548256,162642224,165937648,157071184,157749456,146053888,144841552,139796272,136742864,124598752,126634000,128291688,119604648,122335472,109772864,115058936,116662768,114806608,114961616,111166224,113157512,121738184,125428912,124786448,126431824,127516912,131089672,135163360,131724240,130045376,132592880,138963024,143208400,155720144,156709392,160487584,167626160,172602208,174609584,182169872,184200384,183977392,190493120,195155072,198294896,213123776,219629472,230685024,233005120,241497632,250774976,253436016,260714320,262713200,278734432,279486368
183023339.8,219747312,216884256,206567600,212901168,203855920,195854352,187201360,187527408,176757360,174796992,174819648,170219776,174845648,171465952,166875504,168003792,166436416,158685776,160778944,152148496,151511392,139882496,138100736,132702800,130462848,118380200,120848688,123462416,115385392,118562888,106677928,112403104,114778200,111664232,112701592,108712832,110410432,120368984,123700872,123879112,125438616,126890608,130824784,135893920,132017624,131104304,133530320,139820736,144150560,156951120,158513424,162348832,168422304,173593072,175622656,183358320,185326512,185352880,192398080,197323168,199731248,214690320,221920608,232885952,235159616,244146320,253454400,255798752,262747648,265319968,281298208,281597792
180719220.6,214646176,212784576,202156480,209459728,200584944,192972896,184592944,184719488,174549632,173416560,174659888,169624144,174676496,170912992,166401536,167017744,164628960,156313792,157159344,148577984,146838208,135750240,133352160,128116128,126872984,115098360,118107688,122017232,114219632,117665088,106687888,112712976,114879384,110995592,112751280,109293352,110615896,121905592,125031992,125830160,127294576,129004672,133144544,139476208,135107376,134907040,137326816,143011024,147847312,160958224,162951248,166649968,171682976,176984592,179234640,187228672,188935616,188984528,196904288,201638320,203395632,218687008,226489024,237106080,239060208,248376592,257848832,259763008,266227792,269103232,284744128,284926272
172681152.6,210081936,208848256,198245584,206399872,197437888,190191008,182293872,182213136,172794496,172578304,174565152,168884352,174274864,169782960,164916464,165120336,161805120,153108768,152530656,144171328,141498128,130835224,128186512,123283752,123210176,112152704,115580488,120878152,112907088,116674504,106381592,112196376,114263224,109615672,112156536,109415128,110540000,123047504,125851664,127669528,128489128,130648088,135036832,142584592,137391744,138125888,140070192,145374592,151128752,164440800,166495712,170235504,174559920,179912288,182502432,190589600,192060816,191824048,200862720,205267072,206808496,222591136,230364848,240708896,242203280,251660272,261431392,262862128,268767744,271761984,286980384,287195040
169999714.5,205402128,204770128,194098080,203199248,194030736,187145392,179693072,179674528,171361392,171622224,174035872,167863472,172912848,167765072,162271280,161920016,157957808,148772784,146997024,138896160,135702496,125480112,123205912,118773344,119815848,109844504,113562248,120131984,111908248,115851024,105389496,111505392,113215264,108577000,111915896,110014304,110894104,124413024,126922608,129407488,129710576,132399096,136897168,145712368,140190640,141322560,142937584,148193168,154617264,167982000,169964848,173832816,177900560,183206464,186092448,194274928,195882864,195052848,205259056,209574624,210909504,226961920,234657168,244430592,245731456,255274064,265162080,266058512,271295392,274199808,289272160,289256256
171419396.2,203500064,203325536,192639280,202539200,193233536,186666032,179608784,180050400,172323056,172931424,175617168,168506032,173060928,167170496,161286704,160210480,155639232,146049952,143467472,135422688,132359936,122798600,121276152,117515984,119713976,110439328,114648688,122104000,113712200,117098760,106844032,113048576,114862272,110405944,114658664,113577864,113958112,128708624,130594136,133713672,133621928,136714384,141165920,151424480,145448928,147138864,148311408,153416528,160373120,173561600,175598848,179730384,183631200,188874752,191975168,200249248,202039056,200604624,212229344,216165632,217103152,233344704,240995648,250188016,251345232,260681648,270613408,270977312,275449376,278263840,293001952,292946688
166200033.1,201813408,202068992,191497056,201945632,192602032,186842608,180434768,180877456,173529760,174181552,176766544,168324384,172336048,165657760,159543200,157691408,152437728,142878848,139362896,131889000,128918568,120294312,119613504,116596392,119553616,110823752,115312240,123550272,114348688,117538968,107668136,113969496,115796112,111873592,116665840,116025432,116478752,131872352,133421264,137379200,136826880,140305616,144762288,155747792,149493440,151941232,152486832,157339056,164842928,177807456,179980384,184403424,188350144,193412848,196654672,204996944,206833936,205202048,217986896,221521168,222058960,238228720,245751184,254689056,255359824,264421392,274095616,274181056,277818208,280762208,294835456,294984544
159053037.5,197501984,198274064,187725408,198745152,189599424,185323424,179009008,179222048,172342880,172304064,174750880,164844304,168259424,160902064,154330560,151880240,146099520,136700576,132503200,126024536,123284032,115668520,115927336,113354520,116842088,108560920,113109352,121409320,111775448,114931872,105912032,112013928,113963400,110683168,115777112,115531384,116172376,132043096,133341016,138179584,137309712,141420672,145360048,156996096,150694608,153925408,153807648,158461568,166433920,179315024,181588944,186223472,190355520,195183696,198601776,206787008,208950880,207565184,220813136,224308224,224141200,240071600,247532672,256240864,256173232,265179392,274296064,274308352,276962048,280392704,293920064,293990592
156836204.4,191740576,193278960,182676480,194282784,185982912,182695168,176140896,175923376,169311696,168219952,170733616,159368656,162361888,153978656,147341584,144373264,138234944,129317144,124661552,119622648,117301480,110961984,111822128,109936416,113701608,105543616,109630072,118027712,108494280,112125384,104023600,109796824,112071992,109082008,115237096,114839376,115950384,132236568,133193064,138736064,138088736,142565504,146020384,158255856,152220640,156217328,155368112,160043328,168322416,180982976,183448832,188256768,192248016,197128160,200712912,208577296,211304064,210470752,223762368,227273632,225989776,241495104,249057648,257329968,256426208,265659856,274060736,273898496,275544000,279740064,292800384,292682176
150079903.1,185154512,187642832,177246608,189434960,181972144,179470784,172758416,171344880,165073776,162517696,165432960,152720080,155214368,145680208,139477040,135978864,129907080,121450128,116594136,113518296,111334800,106332472,107337344,106496624,110221160,101290872,105038544,113498000,105054376,109096416,102223264,107317904,109840952,107189000,114173792,113424352,115450048,131529120,132612256,138793664,138212448,143556528,146184864,158640496,152871328,157596128,156188624,161074192,169413264,181535776,184366112,189407008,192917008,198110704,202012064,209243920,212261728,212741216,225621840,229338032,226805072,241518976,249130368,257255408,255392000,265026256,272459328,272278176,273060512,278199040,290564928,290627840
145247349,177750736,181264048,171670656,183735984,177196992,175529328,168219568,165386288,159571152,155451424,158898336,145038176,147049632,136937072,130991032,127253784,121674752,113937448,109004784,107923480,105708192,101832280,102985576,103090784,105878112,96575240,99965200,108950232,101845328,106217704,100663136,104937240,107801152,105266824,113241912,112076064,114950064,130500952,132109560,138101360,138012880,144448864,145801376,158270784,153194368,158422816,156742448,162121904,170087376,181442256,184757120,189971264,193028128,198718160,203007200,209221552,212709568,214863968,227087664,231268624,227439456,240997296,248726656,256795696,254379232,264341600,270645152,270803360,270764480,276689024,288398368,288659104
144333998.4,172273200,176908304,167988480,179598128,173985184,172471248,164521072,160399744,154904528,149355744,153008384,138585312,140442048,130003024,124639248,120736552,116160296,109268912,104517136,104901472,102762344,99750664,101251360,101486256,103699792,94143832,97981360,107344208,101584064,106355992,101813280,105821656,108865664,106341008,115597000,114017608,117564216,132978536,134610112,140572912,140872048,148225312,148217152,160886448,156905424,162325184,160421184,166185184,173912448,184361504,188276160,193511936,196514608,202605168,207085200,212071200,216068672,219889424,231630800,235804768,230882624,243372624,251294496,259229184,256700896,266652912,272195232,272789184,271982592,278356288,289399328,289888128
138326954.1,167697424,172745056,164723440,175593504,170205424,168615856,160323696,155308896,149922816,142588848,146447392,132009408,133801224,123823920,119076904,115381256,111762680,106086648,101436152,102927960,100654760,98126712,99831984,99938904,101647672,92659144,97072432,106826040,102364112,107415376,104102136,107656440,111223040,108754992,118855464,117114960,121583296,136563680,138463552,144897408,145149504,153106224,152036768,164887808,162157888,167229136,165213632,171231584,179186448,188525168,192987984,198078960,201817152,207710080,212033936,215783696,220108192,225484544,236387008,240210992,234779264,246322112,254500800,262087008,259779120,269699904,274585056,275661984,274183808,280879808,291012160,291591296
134280765.1,162601952,167834992,160890192,170425728,164551776,163088160,154420000,149225472,143373104,134672784,138632672,124333760,126731776,117983448,113972344,110408392,107835200,103611312,99229904,100796448,98956088,95713960,98698896,97956168,99544360,91502232,97007272,106882440,103558376,109078920,106511344,109997392,114264544,112184608,122794184,121360576,126225160,141288352,143152480,150510976,150440288,158672768,157249888,169900704,168832320,172739424,170868704,177405232,185947232,193588464,198806336,203190160,208424896,213533168,217035920,219959696,224539536,230841808,240250064,243414112,238273712,249116832,257586096,264279824,262767456,272790368,276868448,278398880,276004256,283358144,292385024,292315712
130088111.9,158741696,164106608,157722496,165699200,159233280,158069232,148840976,143562464,137019936,127686920,131534336,117673912,121141992,113571752,110669352,107210056,105577360,102689328,98500960,99664184,98153256,94219648,98268712,97366704,98757192,91664288,98438560,108058096,105787288,111685896,109418728,113101224,117837968,116321992,127215864,125725064,131314608,146401520,148021120,156308432,155890512,164161760,163027616,175055712,175326432,178075248,176406608,183688352,192776672,198945520,204753136,208240016,214863920,218994576,221506432,223855312,228526448,234879088,242772000,244952128,240722848,251127312,259445744,265507120,264689856,274760672,278136672,279979744,276603648,284824960,292706912,291904544
128194408.3,155905312,160969296,154784320,161174944,154463184,153631008,143371040,138260432,131220328,121553624,125761744,112580384,117123568,110525528,108885072,105312904,104653096,102756464,98503528,98845888,97992840,93286696,98416176,97718824,98918568,92808952,100336312,109886232,108255848,114597192,112236152,116192592,120996048,120292032,130777672,129517672,135893536,150522608,152013088,160684752,160212400,168562048,167743536,179110592,180353408,182529472,180991280,189182544,198492272,203755408,209662048,212515136,219968336,223307328,225175552,226784080,231700176,237507600,244226688,245509632,242143744,252247312,259960576,265902352,265464976,275578880,278202880,280375584,276307424,284955872,291970464,290794528
123815362.7,153336880,157811376,151733152,156618672,149998752,149164528,137882800,133169936,125627640,115946904,120943496,108663472,114200232,108293864,107648512,103987048,104050768,102669088,97753872,97718128,97280384,92466704,97874256,97790536,98850424,93583360,101578584,110783872,109649464,116340080,113438928,117702976,122730208,121956960,132070792,130987504,138192336,151784480,153444272,162330432,161843408,170308320,169643744,180410128,182201488,184202848,182927168,192044656,201442864,206062656,211726288,214440624,222309136,224993952,226511744,227134176,232246880,237422112,243361072,243618080,241283280,251485392,257922048,264300608,264065264,273958080,276114624,278556192,274060672,282914272,289161408,288008704
